{
  "worldData": [
    { "id": "IND", "name": "India", "value": 1464, "details": "Largest population, 5.8% GDP Growth" },
    { "id": "CHN", "name": "China", "value": 1416, "details": "Second largest, 4.5% GDP Growth" },
    { "id": "USA", "name": "United States", "value": 345, "details": "Largest GDP ($29T)" },
    { "id": "IDN", "name": "Indonesia", "value": 283, "details": "Emerging tech hub" },
    { "id": "PAK", "name": "Pakistan", "value": 251, "details": "Rapid population growth" },
    { "id": "NGA", "name": "Nigeria", "value": 232, "details": "Fastest growing major economy in Africa" },
    { "id": "BRA", "name": "Brazil", "value": 217, "details": "Leading Latin American economy" },
    { "id": "BGD", "name": "Bangladesh", "value": 174, "details": "Strong textile export sector" },
    { "id": "RUS", "name": "Russia", "value": 144, "details": "Resource-rich economy" },
    { "id": "MEX", "name": "Mexico", "value": 131, "details": "Key manufacturing hub" },
    { "id": "JPN", "name": "Japan", "value": 123, "details": "Aging population, tech leader" },
    { "id": "ETH", "name": "Ethiopia", "value": 129, "details": "High growth potential" }
  ]
}
