{
  "kpis": [
    { "label": "Global Population (2025)", "value": "8.23B", "change": "+0.84%", "trend": "up", "icon": "users" },
    { "label": "Global GDP (2025)", "value": "$117T", "change": "+2.3%", "trend": "neutral", "icon": "dollar-sign" },
    { "label": "Internet Users", "value": "5.6B", "change": "+2.5%", "trend": "up", "icon": "wifi" },
    { "label": "Smartphone Users", "value": "5.8B", "change": "+2.0%", "trend": "up", "icon": "smartphone" }
  ],
  "globalTrend": [
    { "year": "2020", "population": 7.84, "gdp": 85.0 },
    { "year": "2021", "population": 7.91, "gdp": 96.5 },
    { "year": "2022", "population": 7.97, "gdp": 101.3 },
    { "year": "2023", "population": 8.04, "gdp": 105.4 },
    { "year": "2024", "population": 8.16, "gdp": 110.0 },
    { "year": "2025 (Est)", "population": 8.23, "gdp": 117.0 }
  ],
  "demographics": [
    { "name": "Asia", "value": 4835 },
    { "name": "Africa", "value": 1550 },
    { "name": "Americas", "value": 1055 },
    { "name": "Europe", "value": 742 },
    { "name": "Oceania", "value": 47 }
  ]
}
