{
  "topCountries": [
    { "name": "India", "value": 1464 },
    { "name": "China", "value": 1416 },
    { "name": "USA", "value": 345 },
    { "name": "Indonesia", "value": 283 },
    { "name": "Pakistan", "value": 251 },
    { "name": "Nigeria", "value": 232 },
    { "name": "Brazil", "value": 217 },
    { "name": "Bangladesh", "value": 174 },
    { "name": "Russia", "value": 144 },
    { "name": "Mexico", "value": 131 }
  ],
  "regionalGrowth": [
    { "name": "South Asia", "value": 5.8 },
    { "name": "East Asia & Pacific", "value": 4.5 },
    { "name": "Sub-Saharan Africa", "value": 3.7 },
    { "name": "Middle East & North Africa", "value": 2.7 },
    { "name": "Europe & Central Asia", "value": 2.4 },
    { "name": "Latin America", "value": 2.3 },
    { "name": "North America", "value": 2.0 }
  ],
  "internetUsage": [
    { "name": "Internet Users", "value": 5600 },
    { "name": "Offline", "value": 2630 }
  ],
  "deviceDistribution": [
    { "name": "Mobile", "value": 60 },
    { "name": "Desktop", "value": 37 },
    { "name": "Tablet", "value": 3 }
  ]
}
